<Defs>

    <!-- Shredder Turret -->
    <ThingDef ParentName="BaseBullet">
        <defName>Bullet_TurretShredderUpgraded</defName>
        <label>shredder turret bullet</label>
        <graphicData>
            <texPath>Things/Projectile/Bullet_Shotgun</texPath>
            <graphicClass>Graphic_Single</graphicClass>
        </graphicData>
        <projectile>
            <damageDef>Bullet</damageDef>
            <damageAmountBase>27</damageAmountBase>
            <speed>70</speed>
        </projectile>
    </ThingDef>

    <ThingDef ParentName="BaseHumanGun">
        <defName>Gun_TurretShredderUpgraded</defName>
        <label>shredder turret gun</label>
        <graphicData>
            <texPath>Things/Item/Equipment/WeaponRanged/Shotgun</texPath>
            <graphicClass>Graphic_Single</graphicClass>
        </graphicData>
        <menuHidden>true</menuHidden>
        <description>Shredder shotgun attached to a turret.</description>
        <soundInteract>Interact_Shotgun</soundInteract>
        <tradeability>None</tradeability>
        <destroyOnDrop>true</destroyOnDrop>
        <statBases>
            <Mass>40</Mass>
            <AccuracyTouch>1.0</AccuracyTouch>
            <AccuracyShort>0.8</AccuracyShort>
            <AccuracyMedium>0.7</AccuracyMedium>
            <AccuracyLong>0.6</AccuracyLong>
            <RangedWeapon_Cooldown>0.66</RangedWeapon_Cooldown>
        </statBases>
        <weaponTags Inherit="false">
            <li>TurretGun</li>
        </weaponTags>
        <verbs>
            <li>
                <verbClass>Verb_Shoot</verbClass>
                <hasStandardCommand>true</hasStandardCommand>
                <defaultProjectile>Bullet_TurretShredderUpgraded</defaultProjectile>
                <warmupTime>1.5</warmupTime>
                <range>20</range>
                <ticksBetweenBurstShots>8</ticksBetweenBurstShots>
                <burstShotCount>4</burstShotCount>
                <soundCast>Shot_Shotgun</soundCast>
                <soundCastTail>GunTail_Medium</soundCastTail>
                <muzzleFlashScale>18</muzzleFlashScale>
                <consumeFuelPerShot>1</consumeFuelPerShot>
            </li>
        </verbs>
    </ThingDef>

    <!-- (manned) -->
    <ThingDef ParentName="BaseHumanGun">
        <defName>Gun_TurretShredderMannedUpgraded</defName>
        <label>manned shredder turret gun</label>
        <graphicData>
            <texPath>Things/Item/Equipment/WeaponRanged/Shotgun</texPath>
            <graphicClass>Graphic_Single</graphicClass>
        </graphicData>
        <menuHidden>true</menuHidden>
        <description>Shredder shotgun attached to a turret.</description>
        <soundInteract>Interact_Shotgun</soundInteract>
        <tradeability>None</tradeability>
        <destroyOnDrop>true</destroyOnDrop>
        <statBases>
            <Mass>40</Mass>
            <AccuracyTouch>1.0</AccuracyTouch>
            <AccuracyShort>0.9</AccuracyShort>
            <AccuracyMedium>0.8</AccuracyMedium>
            <AccuracyLong>0.7</AccuracyLong>
            <RangedWeapon_Cooldown>0.55</RangedWeapon_Cooldown>
        </statBases>
        <weaponTags Inherit="false">
            <li>TurretGun</li>
        </weaponTags>
        <verbs>
            <li>
                <verbClass>Verb_Shoot</verbClass>
                <hasStandardCommand>true</hasStandardCommand>
                <defaultProjectile>Bullet_TurretShredderUpgraded</defaultProjectile>
                <warmupTime>1.5</warmupTime>
                <range>30</range>
                <ticksBetweenBurstShots>10</ticksBetweenBurstShots>
                <burstShotCount>6</burstShotCount>
                <soundCast>Shot_Shotgun</soundCast>
                <soundCastTail>GunTail_Medium</soundCastTail>
                <muzzleFlashScale>18</muzzleFlashScale>
                <consumeFuelPerShot>1</consumeFuelPerShot>
            </li>
        </verbs>
    </ThingDef>

    <!-- blast turret -->
    <ThingDef ParentName="BaseBullet">
        <defName>Bullet_BlastChargeUpgraded</defName>
        <label>blast charge</label>
        <graphicData>
            <texPath>Things/Projectile/Grenade</texPath>
            <graphicClass>Graphic_Single</graphicClass>
        </graphicData>
        <thingClass>Projectile_Explosive</thingClass>
        <projectile>
            <damageDef>Bomb</damageDef>
            <damageAmountBase>30</damageAmountBase>
            <explosionRadius>2</explosionRadius>
            <explosionDelay>50</explosionDelay>
            <speed>36</speed>
        </projectile>
    </ThingDef>

    <ThingDef ParentName="BaseHumanGun">
        <defName>Gun_BlastChargeUpgraded</defName>
        <label>rocket complex</label>
        <graphicData>
            <texPath>Things/Item/Equipment/WeaponRanged/Grenades</texPath>
            <graphicClass>Graphic_Single</graphicClass>
        </graphicData>
        <menuHidden>true</menuHidden>
        <description>A mounted blast charge launcher on a stationary sentry base.</description>
        <soundInteract>Interact_Rifle</soundInteract>
        <tradeability>None</tradeability>
        <destroyOnDrop>true</destroyOnDrop>
        <statBases>
            <Mass>40</Mass>
            <AccuracyTouch>0.7</AccuracyTouch>
            <AccuracyShort>0.6</AccuracyShort>
            <AccuracyMedium>0.5</AccuracyMedium>
            <AccuracyLong>0.4</AccuracyLong>
            <RangedWeapon_Cooldown>0.66</RangedWeapon_Cooldown>
        </statBases>
        <weaponTags Inherit="false">
            <li>TurretGun</li>
        </weaponTags>
        <verbs>
            <li>
                <verbClass>Verb_Shoot</verbClass>
                <hasStandardCommand>true</hasStandardCommand>
                <defaultProjectile>Bullet_BlastChargeUpgraded</defaultProjectile>
                <forcedMissRadius>4.2</forcedMissRadius>
                <warmupTime>0.66</warmupTime>
                <range>20</range>
                <minRange>5</minRange>
                <ticksBetweenBurstShots>20</ticksBetweenBurstShots>
                <burstShotCount>6</burstShotCount>
                <soundCast>Mortar_LaunchA</soundCast>
                <soundCastTail>GunTail_Heavy</soundCastTail>
                <muzzleFlashScale>20</muzzleFlashScale>
                <consumeFuelPerShot>1</consumeFuelPerShot>
            </li>
        </verbs>
    </ThingDef>

    <!-- (manned) -->
    <ThingDef ParentName="BaseHumanGun">
        <defName>Gun_BlastChargeMannedUpgraded</defName>
        <label>manned blast charge cannon</label>
        <graphicData>
            <texPath>Things/Item/Equipment/WeaponRanged/Grenades</texPath>
            <graphicClass>Graphic_Single</graphicClass>
        </graphicData>
        <menuHidden>true</menuHidden>
        <description>A mounted blast charge launcher on a stationary sentry base.</description>
        <soundInteract>Interact_Rifle</soundInteract>
        <tradeability>None</tradeability>
        <destroyOnDrop>true</destroyOnDrop>
        <statBases>
            <Mass>40</Mass>
            <AccuracyTouch>0.8</AccuracyTouch>
            <AccuracyShort>0.7</AccuracyShort>
            <AccuracyMedium>0.6</AccuracyMedium>
            <AccuracyLong>0.5</AccuracyLong>
            <RangedWeapon_Cooldown>0.55</RangedWeapon_Cooldown>
        </statBases>
        <weaponTags Inherit="false">
            <li>TurretGun</li>
        </weaponTags>
        <verbs>
            <li>
                <verbClass>Verb_Shoot</verbClass>
                <hasStandardCommand>true</hasStandardCommand>
                <defaultProjectile>Bullet_BlastChargeUpgraded</defaultProjectile>
                <forcedMissRadius>4.2</forcedMissRadius>
                <warmupTime>0.66</warmupTime>
                <range>35</range>
                <minRange>5</minRange>
                <ticksBetweenBurstShots>13</ticksBetweenBurstShots>
                <burstShotCount>10</burstShotCount>
                <soundCast>Mortar_LaunchA</soundCast>
                <soundCastTail>GunTail_Heavy</soundCastTail>
                <muzzleFlashScale>20</muzzleFlashScale>
                <consumeFuelPerShot>1</consumeFuelPerShot>
            </li>
        </verbs>
    </ThingDef>

    <!-- vulcan cannon -->
    <ThingDef ParentName="BaseBullet">
        <defName>Bullet_VulcanCannonUpgraded</defName>
        <label>vulcan cannon bullet</label>
        <graphicData>
            <texPath>Things/Projectile/Bullet_Big</texPath>
            <graphicClass>Graphic_Single</graphicClass>
        </graphicData>
        <projectile>
            <damageDef>Bullet</damageDef>
            <flyOverhead>false</flyOverhead>
            <damageAmountBase>12</damageAmountBase>
            <speed>120</speed>
        </projectile>
    </ThingDef>

    <ThingDef ParentName="BaseHumanGun">
        <defName>Gun_VulcanCannonUpgraded</defName>
        <label>vulcan cannon gun</label>
        <graphicData>
            <texPath>Things/Item/Equipment/WeaponRanged/Minigun</texPath>
            <graphicClass>Graphic_Single</graphicClass>
        </graphicData>
        <menuHidden>true</menuHidden>
        <description>Carefully crafted gun attached to a turret.</description>
        <soundInteract>Interact_Rifle</soundInteract>
        <tradeability>None</tradeability>
        <destroyOnDrop>true</destroyOnDrop>
        <statBases>
            <Mass>40</Mass>
            <AccuracyTouch>0.85</AccuracyTouch>
            <AccuracyShort>0.65</AccuracyShort>
            <AccuracyMedium>0.45</AccuracyMedium>
            <AccuracyLong>0.25</AccuracyLong>
            <RangedWeapon_Cooldown>4.20</RangedWeapon_Cooldown>
        </statBases>
        <weaponTags Inherit="false">
            <li>TurretGun</li>
        </weaponTags>
        <verbs>
            <li>
                <verbClass>Verb_Shoot</verbClass>
                <hasStandardCommand>true</hasStandardCommand>
                <defaultProjectile>Bullet_VulcanCannonUpgraded</defaultProjectile>
                <warmupTime>5.3</warmupTime>
                <range>46.0</range>
                <minRange>6</minRange>
                <ticksBetweenBurstShots>6</ticksBetweenBurstShots>
                <burstShotCount>1</burstShotCount>
                <soundCast>Shot_Minigun</soundCast>
                <soundCastTail>GunTail_Heavy</soundCastTail>
                <muzzleFlashScale>6</muzzleFlashScale>
                <consumeFuelPerShot>1</consumeFuelPerShot>
            </li>
        </verbs>
    </ThingDef>

    <!-- (manned) -->
    <ThingDef ParentName="BaseHumanGun">
        <defName>Gun_VulcanCannonMannedUpgraded</defName>
        <label>manned vulcan cannon gun</label>
        <graphicData>
            <texPath>Things/Item/Equipment/WeaponRanged/Minigun</texPath>
            <graphicClass>Graphic_Single</graphicClass>
        </graphicData>
        <menuHidden>true</menuHidden>
        <description>Carefully crafted gun attached to a turret.</description>
        <soundInteract>Interact_Rifle</soundInteract>
        <tradeability>None</tradeability>
        <destroyOnDrop>true</destroyOnDrop>
        <statBases>
            <Mass>40</Mass>
            <AccuracyTouch>0.95</AccuracyTouch>
            <AccuracyShort>0.75</AccuracyShort>
            <AccuracyMedium>0.55</AccuracyMedium>
            <AccuracyLong>0.35</AccuracyLong>
            <RangedWeapon_Cooldown>4.00</RangedWeapon_Cooldown>
        </statBases>
        <weaponTags Inherit="false">
            <li>TurretGun</li>
        </weaponTags>
        <verbs>
            <li>
                <verbClass>Verb_Shoot</verbClass>
                <hasStandardCommand>true</hasStandardCommand>
                <defaultProjectile>Bullet_VulcanCannonUpgraded</defaultProjectile>
                <warmupTime>3.3</warmupTime>
                <range>48.0</range>
                <minRange>4</minRange>
                <ticksBetweenBurstShots>3</ticksBetweenBurstShots>
                <burstShotCount>1</burstShotCount>
                <soundCast>Shot_Minigun</soundCast>
                <soundCastTail>GunTail_Heavy</soundCastTail>
                <muzzleFlashScale>6</muzzleFlashScale>
                <consumeFuelPerShot>1</consumeFuelPerShot>
                <targetParams>
                    <canTargetLocations>True</canTargetLocations>
                </targetParams>
            </li>
        </verbs>
    </ThingDef>

    <!-- devastator mortar -->
    <ThingDef ParentName="BaseBullet">
        <defName>Bullet_DevastatorBombUpgraded</defName>
        <label>explosive devastator shell</label>
        <graphicData>
            <texPath>Things/Building/Security/DevastatorShell</texPath>
            <graphicClass>Graphic_Single</graphicClass>
            <shaderType>TransparentPostLight</shaderType>
        </graphicData>
        <thingClass>Projectile_Explosive</thingClass>
        <projectile>
            <damageDef>Bomb</damageDef>
            <damageAmountBase>42</damageAmountBase>
            <speed>110</speed>
            <explosionRadius>4</explosionRadius>
            <flyOverhead>true</flyOverhead>
            <soundHitThickRoof>Artillery_HitThickRoof</soundHitThickRoof>
            <soundExplode>MortarBomb_Explode</soundExplode>
            <soundImpactAnticipate>MortarRound_PreImpact</soundImpactAnticipate>
            <soundAmbient>MortarRound_Ambient</soundAmbient>
        </projectile>
    </ThingDef>

    <ThingDef ParentName="BaseGun">
        <defName>Artillery_DevastatorBombUpgraded</defName>
        <label>devastator mortar</label>
        <graphicData>
            <texPath>Things/Building/Security/DevastatorGun</texPath>
            <graphicClass>Graphic_Single</graphicClass>
        </graphicData>
        <description>Devastator launcher. Lobs bombs over walls. Semi inaccurate but long-ranged and fires high velocity projectiles.</description>
        <techLevel>Spacer</techLevel>
        <destroyOnDrop>True</destroyOnDrop>
        <menuHidden>True</menuHidden>
        <tradeability>None</tradeability>
        <statBases>
            <Mass>40</Mass>
        </statBases>
        <weaponTags Inherit="false">
            <li>Artillery</li>
        </weaponTags>
        <verbs>
            <li>
                <verbClass>Verb_Shoot</verbClass>
                <forceNormalTimeSpeed>false</forceNormalTimeSpeed>
                <hasStandardCommand>true</hasStandardCommand>
                <defaultProjectile>Bullet_DevastatorBombUpgraded</defaultProjectile>
                <forcedMissRadius>8.8</forcedMissRadius>
                <warmupTime>8.3</warmupTime>
                <minRange>20</minRange>
                <range>500</range>
                <ticksBetweenBurstShots>5</ticksBetweenBurstShots>
                <burstShotCount>8</burstShotCount>
                <soundCast>ChargeLance_Fire</soundCast>
                <soundCastTail>GunTail_Heavy</soundCastTail>
                <muzzleFlashScale>55</muzzleFlashScale>
                <requireLineOfSight>false</requireLineOfSight>
                <targetParams>
                    <canTargetLocations>true</canTargetLocations>
                </targetParams>
            </li>
        </verbs>
    </ThingDef>

</Defs>